raw_comment,raw_reply,processed_comment,processed_reply
Legend Are Watching In 2024 ğŸ˜‚,Yeh broğŸ‰,legend are watching in,yeh bro
2024 me dekhne vale hajiri lagaoâ¤ğŸ˜…,Idhar hu bahen,me dekhne vale hajiri lagao,idhar hu bahen
Jai shree Ram ğŸš©ğŸš©ğŸš©,Lindus,jai shree ram,lindus
Kaun Kaun 2050 main dekh rahe hai,ğŸ¤šmai,kaun kaun  main dekh rahe hai,mai
Kaun Kaun 2050 main dekh rahe hai,Ek saal jaldi aagya 2049,kaun kaun  main dekh rahe hai,ek saal jaldi aagya
Khana khaate time kon kon ye show dekhta haiâ¤ğŸ‰,Abhi dekh rha hu,khana khaate time kon kon ye show dekhta hai,abhi dekh rha hu
Khna khate time kon kon dekhra 2024 m attendence lagaoğŸ˜Š,Mai Roj dekh taà¥¤ Hu roti kha te,khna khate time kon kon dekhra  m attendence lagao,mai roj dekh ta hu roti kha te
17 Feb 2024 ko kaun kaun dekh rha hğŸ˜‚ğŸ˜‚ğŸ˜‚ğŸ˜‚ğŸ˜‚,MeğŸ˜‚ğŸ˜‚ğŸ˜‚ğŸ˜‚,feb  ko kaun kaun dekh rha h,me
17 Feb 2024 ko kaun kaun dekh rha hğŸ˜‚ğŸ˜‚ğŸ˜‚ğŸ˜‚ğŸ˜‚,Me ğŸ˜‚ğŸ˜‚ğŸ˜‚ğŸ˜‚,feb  ko kaun kaun dekh rha h,me
17 Feb 2024 ko kaun kaun dekh rha hğŸ˜‚ğŸ˜‚ğŸ˜‚ğŸ˜‚ğŸ˜‚,mai daily khana khate tym dekhti hu,feb  ko kaun kaun dekh rha h,mai daily khana khate tym dekhti hu
Kon kon ye aankh se dekh rha ha,Bhai ye video 2024 mae aya thağŸ˜‚,kon kon ye aankh se dekh rha ha,bhai ye video  mae aya tha
Mai yeh episode 2026 mai dekhra huu,Chal jhutağŸ˜‚,mai yeh episode  mai dekhra huu,chal jhuta
Kon kon Mehta family ka conversation skip krta ya krti hai ğŸ˜‚ğŸ˜‚ğŸ˜‚,Meeee,kon kon mehta family ka conversation skip krta ya krti hai,meeee
Akhbar se godi media yaad aa gaya ğŸ¤£,Aur tumhare comment se pappuvadi yaad aagyağŸ˜‚ğŸ˜‚ğŸ˜‚,akhbar se godi media yaad aa gaya,aur tumhare comment se pappuvadi yaad aagya
Meri motiiii Tarak Mehta chasma bahut jyda dekhti hai ğŸ˜‚ğŸ˜‚ğŸ˜‚ğŸ˜‚,Mara motu b  ğŸ˜†,meri motiiii tarak mehta chasma bahut jyda dekhti hai,mara motu b
Meri motiiii Tarak Mehta chasma bahut jyda dekhti hai ğŸ˜‚ğŸ˜‚ğŸ˜‚ğŸ˜‚,@@user-ul6pq8kq9m ğŸ˜‚ğŸ˜‚ğŸ˜‚ğŸ˜‚,meri motiiii tarak mehta chasma bahut jyda dekhti hai,userulpqkqm
Kal board ka exam hai.phir bhi ye episode dekh ne ka gamand ha,Kis subject k practical h bhai,kal board ka exam haiphir bhi ye episode dekh ne ka gamand ha,kis subject k practical h bhai
Kal board ka exam hai.phir bhi ye episode dekh ne ka gamand ha,12th ka kyy bhaiğŸ˜‚,kal board ka exam haiphir bhi ye episode dekh ne ka gamand ha,th ka kyy bhai
Kon kon ye 2050 me dekh rha hai,Bs....k  wo aaya kahağŸ˜‚ğŸ˜‚sir,kon kon ye  me dekh rha hai,bsk  wo aaya kahasir
Kon kon ye 2050 me dekh rha hai,Bhaiya ji lekin 2024 chal raha haiğŸ˜‚ğŸ˜‚ğŸ˜‚,kon kon ye  me dekh rha hai,bhaiya ji lekin  chal raha hai
Kon kon ye 2050 me dekh rha hai,â€‹@@GeetaRajput-lq4ohâ¤ğŸ˜‚,kon kon ye  me dekh rha hai,geetarajputlqoh
Legends are always skip Anjali and Tarak conversationğŸ˜‚ğŸ˜‚,Yes,legends are always skip anjali and tarak conversation,yes
Meri mummy ğŸ˜‚ğŸ˜‚,Mere mummy,meri mummy,mere mummy
Abhi kuch log bolenge- Kaun kaun khate khate dekh rha haiğŸ˜‚ğŸ˜‚,Tum he to bol rahe ho bhaiğŸ˜‚ğŸ˜‚,abhi kuch log bolenge kaun kaun khate khate dekh rha hai,tum he to bol rahe ho bhai
This exam will be best exam of my life â¤,This exam will be the best exam of my lifeğŸ˜ŠğŸ˜Š,this exam will be best exam of my life,this exam will be the best exam of my life
Kon kon 2024 me ye episode dekh raha haiğŸ˜‚ğŸ˜‚ğŸ˜…,Bhai 2024 m hi upload hua h. ğŸ’€,kon kon  me ye episode dekh raha hai,bhai  m hi upload hua h
Khana khate vakt kon kon tmkoc dekhta hai like kro,Bhai dek hi raha hoonğŸ˜…,khana khate vakt kon kon tmkoc dekhta hai like kro,bhai dek hi raha hoon
"<a href=""https://www.youtube.com/watch?v=Ytt3kM8aLKQ&amp;t=825"">13:45</a> ayyar laughing very funny...Tears welled up in my eyes.ğŸ˜‚ğŸ˜‚ğŸ˜…ğŸ˜¢ğŸ˜‚",Echo laughing ğŸ˜‚,a hrefhttpswwwyoutubecomwatchvyttkmalkqampta ayyar laughing very funnytears welled up in my eyes,echo laughing
"<a href=""https://www.youtube.com/watch?v=Ytt3kM8aLKQ&amp;t=825"">13:45</a> ayyar laughing very funny...Tears welled up in my eyes.ğŸ˜‚ğŸ˜‚ğŸ˜…ğŸ˜¢ğŸ˜‚",â€‹@@niteshjareda8556ğŸ˜‚ğŸ˜…,a hrefhttpswwwyoutubecomwatchvyttkmalkqampta ayyar laughing very funnytears welled up in my eyes,niteshjareda
"<a href=""https://www.youtube.com/watch?v=Ytt3kM8aLKQ&amp;t=825"">13:45</a> ayyar laughing very funny...Tears welled up in my eyes.ğŸ˜‚ğŸ˜‚ğŸ˜…ğŸ˜¢ğŸ˜‚",Iyyff,a hrefhttpswwwyoutubecomwatchvyttkmalkqampta ayyar laughing very funnytears welled up in my eyes,iyyff
Kon kon 2024 me dekhrha hii hğŸ˜‚ğŸ˜‚ğŸ˜…ğŸ‰,Mai,kon kon  me dekhrha hii h,mai
Tmkoc hate button âœ…,Sorry,tmkoc hate button,sorry
Yarr lyerr bohat cute hai ğŸ¥°â¤,Insta I&#39;d btao apni,yarr lyerr bohat cute hai,insta id btao apni
Yarr lyerr bohat cute hai ğŸ¥°â¤,Yes,yarr lyerr bohat cute hai,yes
1V1 challenge ff,Aja uid 6639014359,v challenge ff,aja uid
Episode no. Pls,In description bro...,episode no pls,in description bro
Aaj mara birthday hai koi wish nahi kiya.,Happy birthday bro â¤ğŸ‰,aaj mara birthday hai koi wish nahi kiya,happy birthday bro
Purene Wale episode ka baat hi alag hâ¤â¤â¤,Ha,purene wale episode ka baat hi alag h,ha
Episode number kya hai,Thanks bro â¤ğŸ‰â¤â¤,episode number kya hai,thanks bro
Kon kon daily mobile par old tmkoc serial old character old comedy old tapu sena babita ji jethalal pure love story serial acting + comedy expression ko daily khana khatey samey daily family ke saath milkar dekhna pasand karte hain ğŸ˜Š,FC uuuyh,kon kon daily mobile par old tmkoc serial old character old comedy old tapu sena babita ji jethalal pure love story serial acting  comedy expression ko daily khana khatey samey daily family ke saath milkar dekhna pasand karte hain,fc uuuyh
Kia kis ka board exam hai ğŸ˜‚ğŸ˜‚,Hamara,kia kis ka board exam hai,hamara
Kia kis ka board exam hai ğŸ˜‚ğŸ˜‚,Tera,kia kis ka board exam hai,tera
Kia kis ka board exam hai ğŸ˜‚ğŸ˜‚,Hello bro,kia kis ka board exam hai,hello bro
Thumbnail is so funny ğŸ¤£ğŸ˜‚ğŸ˜‚ LoL ğŸ˜‚ğŸ˜ƒğŸ˜„ğŸ˜„ğŸ˜…ğŸ˜…ğŸ˜…ğŸ˜…ğŸ˜…ğŸ˜…ğŸ˜…ğŸ˜‚ğŸ˜‚ğŸ˜‚ğŸ˜‚ğŸ˜‚ Iyer Bhai and jethalal ğŸ˜‚ğŸ˜‚ğŸ˜‚ğŸ˜‚ğŸ˜‚ğŸ˜‚,"Yeh scene <a href=""https://www.youtube.com/watch?v=Ytt3kM8aLKQ&amp;t=833"">13:53</a> me hai ğŸ˜‚",thumbnail is so funny  lol  iyer bhai and jethalal,yeh scene a hrefhttpswwwyoutubecomwatchvyttkmalkqampta me hai
Kon kon ye 2024 me dekh rha h<br>Thnx â˜ºï¸ 2.2k likesğŸ¥°,Kon kon inke jeae chutiyun se pareshan h,kon kon ye  me dekh rha hbrthnx  k likes,kon kon inke jeae chutiyun se pareshan h
Kon kon ye 2024 me dekh rha h<br>Thnx â˜ºï¸ 2.2k likesğŸ¥°,ğŸ˜‚ğŸ˜‚â€‹@@Pranalvish,kon kon ye  me dekh rha hbrthnx  k likes,pranalvish
Kon kon ye 2024 me dekh rha h<br>Thnx â˜ºï¸ 2.2k likesğŸ¥°,Ye kya sawal hai abhi dekh rha matlab kuch bhi,kon kon ye  me dekh rha hbrthnx  k likes,ye kya sawal hai abhi dekh rha matlab kuch bhi
Kon kon ye 2024 me dekh rha h<br>Thnx â˜ºï¸ 2.2k likesğŸ¥°,Are bahut pareshan he Bhai comments section kholte he kuch achcha janne ke liye lekin in jese chutiya har jagah ulti kar dete henğŸ˜…â€‹@@Pranalvish,kon kon ye  me dekh rha hbrthnx  k likes,are bahut pareshan he bhai comments section kholte he kuch achcha janne ke liye lekin in jese chutiya har jagah ulti kar dete henpranalvish
Kon kon ye 2024 me dekh rha h<br>Thnx â˜ºï¸ 2.2k likesğŸ¥°,Mee ğŸ˜‚,kon kon ye  me dekh rha hbrthnx  k likes,mee
We want aladdin season 4,"ğŸ˜…ğŸ˜…ğŸ˜…ğŸ˜…ğŸ˜…ğŸ˜…ğŸ˜…ğŸ˜… <a href=""https://www.youtube.com/watch?v=Ytt3kM8aLKQ&amp;t=374"">6:14</a> <a href=""https://www.youtube.com/watch?v=Ytt3kM8aLKQ&amp;t=374"">6:14</a>",we want aladdin season,a hrefhttpswwwyoutubecomwatchvyttkmalkqampta a hrefhttpswwwyoutubecomwatchvyttkmalkqampta
TMKOC+EATING=JANNAT,Jannat nahi jathanand bolo (jetha +anand),tmkoceatingjannat,jannat nahi jathanand bolo jetha anand
TMKOC+EATING=JANNAT,Barabr bhai,tmkoceatingjannat,barabr bhai
TMKOC+EATING=JANNAT,â€‹@@pfacts1997 Sahi baat he ğŸ˜…ğŸ˜…,tmkoceatingjannat,pfacts sahi baat he
TMKOC+EATING=JANNAT,@@YT_Family00 bhai me sabse bada fan hu is duniya me,tmkoceatingjannat,ytfamily bhai me sabse bada fan hu is duniya me
TMKOC+EATING=JANNAT,Jannat ko itna choti chiz se to mat compare kar,tmkoceatingjannat,jannat ko itna choti chiz se to mat compare kar
ğŸ•‰ï¸ğŸ•‰ï¸ğŸ•‰ï¸à¤•à¥Œà¤¨ à¤•à¥Œà¤¨ à¤­à¤—à¤µà¤¾à¤¨ à¤ªà¤° à¤µà¤¿à¤¶à¥à¤µà¤¾à¤¸ à¤à¤µà¤‚ à¤­à¤°à¥‹à¤¸à¤¾ à¤•à¤°à¤¤à¥‡ à¤¹à¥ˆà¤‚ ğŸ•‰ï¸ğŸ•‰ï¸â¤ï¸â¤ï¸ğŸ’®ğŸ’®ğŸŒºğŸŒº,ğŸ’®ğŸ’®ğŸŒºğŸŒºğŸŒºâ¤ï¸â¤ï¸ police station Ashok Kumar the week I will,,police station ashok kumar the week i will
ğŸ•‰ï¸ğŸ•‰ï¸ğŸ•‰ï¸à¤•à¥Œà¤¨ à¤•à¥Œà¤¨ à¤­à¤—à¤µà¤¾à¤¨ à¤ªà¤° à¤µà¤¿à¤¶à¥à¤µà¤¾à¤¸ à¤à¤µà¤‚ à¤­à¤°à¥‹à¤¸à¤¾ à¤•à¤°à¤¤à¥‡ à¤¹à¥ˆà¤‚ ğŸ•‰ï¸ğŸ•‰ï¸â¤ï¸â¤ï¸ğŸ’®ğŸ’®ğŸŒºğŸŒº,LM to get it to you on the same mlkmmmm th of the day basis,,lm to get it to you on the same mlkmmmm th of the day basis
ğŸ•‰ï¸ğŸ•‰ï¸ğŸ•‰ï¸à¤•à¥Œà¤¨ à¤•à¥Œà¤¨ à¤­à¤—à¤µà¤¾à¤¨ à¤ªà¤° à¤µà¤¿à¤¶à¥à¤µà¤¾à¤¸ à¤à¤µà¤‚ à¤­à¤°à¥‹à¤¸à¤¾ à¤•à¤°à¤¤à¥‡ à¤¹à¥ˆà¤‚ ğŸ•‰ï¸ğŸ•‰ï¸â¤ï¸â¤ï¸ğŸ’®ğŸ’®ğŸŒºğŸŒº,Lmkm llllkm you are the best way is to be the same IP or Google analytics and webmaster tool let me know if you are the best way to the same person who is the best,,lmkm llllkm you are the best way is to be the same ip or google analytics and webmaster tool let me know if you are the best way to the same person who is the best
ğŸ•‰ï¸ğŸ•‰ï¸ğŸ•‰ï¸à¤•à¥Œà¤¨ à¤•à¥Œà¤¨ à¤­à¤—à¤µà¤¾à¤¨ à¤ªà¤° à¤µà¤¿à¤¶à¥à¤µà¤¾à¤¸ à¤à¤µà¤‚ à¤­à¤°à¥‹à¤¸à¤¾ à¤•à¤°à¤¤à¥‡ à¤¹à¥ˆà¤‚ ğŸ•‰ï¸ğŸ•‰ï¸â¤ï¸â¤ï¸ğŸ’®ğŸ’®ğŸŒºğŸŒº,Har Har Mahadev,,har har mahadev
Jijaji chhat par hai ka season 3 kab aye ga,à¤›à¤¤ à¤¸à¥‡ à¤¨à¥€à¤šà¥‡ à¤‰à¤¤à¤°à¥‡à¤‚à¤—à¥‡ à¤¤à¤¬ğŸ¤£,jijaji chhat par hai ka season  kab aye ga,
